submission,strategy,product,trade_count,buy_qty,sell_qty,buy_notional,sell_notional,net_pos,cash,avg_buy,avg_sell
522830 (rohan),round4_candidate_1_522830_base.py,HYDROGEL_PACK,34,72,41,722023.0,411736.0,31,-310287.0,10028.097222222223,10042.341463414634
522830 (rohan),round4_candidate_1_522830_base.py,VELVETFRUIT_EXTRACT,66,400,200,2099408.0,1058657.0,200,-1040751.0,5248.52,5293.285
522830 (rohan),round4_candidate_1_522830_base.py,VEV_4000,33,0,300,0.0,385517.0,-300,385517.0,0.0,1285.0566666666666
522830 (rohan),round4_candidate_1_522830_base.py,VEV_4500,32,18,300,13511.0,235970.0,-282,222459.0,750.6111111111111,786.5666666666667
522830 (rohan),round4_candidate_1_522830_base.py,VEV_5000,105,749,449,190490.0,127396.0,300,-63094.0,254.32576769025368,283.7327394209354
522830 (rohan),round4_candidate_1_522830_base.py,VEV_5100,181,1134,1058,183702.0,186343.0,76,2641.0,161.994708994709,176.12759924385634
522830 (rohan),round4_candidate_1_522830_base.py,VEV_5200,27,0,300,0.0,35394.0,-300,35394.0,0.0,117.98
522830 (rohan),round4_candidate_1_522830_base.py,VEV_5300,33,0,300,0.0,17190.0,-300,17190.0,0.0,57.3
522830 (rohan),round4_candidate_1_522830_base.py,VEV_5400,41,0,300,0.0,5917.0,-300,5917.0,0.0,19.723333333333333
522830 (rohan),round4_candidate_1_522830_base.py,VEV_5500,44,0,300,0.0,2028.0,-300,2028.0,0.0,6.76
522830 (rohan),round4_candidate_1_522830_base.py,VEV_6000,14,0,0,0.0,0.0,0,0.0,0.0,0.0
522830 (rohan),round4_candidate_1_522830_base.py,VEV_6500,14,0,0,0.0,0.0,0,0.0,0.0,0.0
524123 (kush),round4_candidate_1_522830_base.py,HYDROGEL_PACK,34,72,41,722023.0,411736.0,31,-310287.0,10028.097222222223,10042.341463414634
524123 (kush),round4_candidate_1_522830_base.py,VELVETFRUIT_EXTRACT,66,400,200,2099408.0,1058657.0,200,-1040751.0,5248.52,5293.285
524123 (kush),round4_candidate_1_522830_base.py,VEV_4000,33,0,300,0.0,385517.0,-300,385517.0,0.0,1285.0566666666666
524123 (kush),round4_candidate_1_522830_base.py,VEV_4500,32,18,300,13511.0,235970.0,-282,222459.0,750.6111111111111,786.5666666666667
524123 (kush),round4_candidate_1_522830_base.py,VEV_5000,105,749,449,190490.0,127396.0,300,-63094.0,254.32576769025368,283.7327394209354
524123 (kush),round4_candidate_1_522830_base.py,VEV_5100,181,1134,1058,183702.0,186343.0,76,2641.0,161.994708994709,176.12759924385634
524123 (kush),round4_candidate_1_522830_base.py,VEV_5200,27,0,300,0.0,35394.0,-300,35394.0,0.0,117.98
524123 (kush),round4_candidate_1_522830_base.py,VEV_5300,33,0,300,0.0,17190.0,-300,17190.0,0.0,57.3
524123 (kush),round4_candidate_1_522830_base.py,VEV_5400,41,0,300,0.0,5917.0,-300,5917.0,0.0,19.723333333333333
524123 (kush),round4_candidate_1_522830_base.py,VEV_5500,44,0,300,0.0,2028.0,-300,2028.0,0.0,6.76
524123 (kush),round4_candidate_1_522830_base.py,VEV_6000,14,0,0,0.0,0.0,0,0.0,0.0,0.0
524123 (kush),round4_candidate_1_522830_base.py,VEV_6500,14,0,0,0.0,0.0,0,0.0,0.0,0.0
524290 (kush),,HYDROGEL_PACK,32,72,51,721965.0,512106.0,21,-209859.0,10027.291666666666,10041.29411764706
524290 (kush),,VELVETFRUIT_EXTRACT,66,400,200,2099408.0,1058657.0,200,-1040751.0,5248.52,5293.285
524290 (kush),,VEV_4000,33,0,247,0.0,317529.0,-247,317529.0,0.0,1285.5425101214576
524290 (kush),,VEV_4500,33,18,300,13511.0,235996.0,-282,222485.0,750.6111111111111,786.6533333333333
524290 (kush),,VEV_5000,124,707,407,179574.0,116340.0,300,-63234.0,253.994342291372,285.84766584766584
524290 (kush),,VEV_5100,215,986,988,159575.0,175948.0,-2,16373.0,161.84077079107504,178.085020242915
524290 (kush),,VEV_5200,28,0,300,0.0,35477.0,-300,35477.0,0.0,118.25666666666666
524290 (kush),,VEV_5300,34,0,300,0.0,17239.0,-300,17239.0,0.0,57.46333333333333
524290 (kush),,VEV_5400,41,0,300,0.0,5946.0,-300,5946.0,0.0,19.82
524290 (kush),,VEV_5500,48,0,300,0.0,2064.0,-300,2064.0,0.0,6.88
524290 (kush),,VEV_6000,14,0,0,0.0,0.0,0,0.0,0.0,0.0
524290 (kush),,VEV_6500,14,0,0,0.0,0.0,0,0.0,0.0,0.0
524413 (kush),,HYDROGEL_PACK,32,72,51,721965.0,512106.0,21,-209859.0,10027.291666666666,10041.29411764706
524413 (kush),,VELVETFRUIT_EXTRACT,66,400,200,2099408.0,1058657.0,200,-1040751.0,5248.52,5293.285
524413 (kush),,VEV_4000,33,0,247,0.0,317529.0,-247,317529.0,0.0,1285.5425101214576
524413 (kush),,VEV_4500,33,18,300,13511.0,235996.0,-282,222485.0,750.6111111111111,786.6533333333333
524413 (kush),,VEV_5000,124,707,407,179574.0,116340.0,300,-63234.0,253.994342291372,285.84766584766584
524413 (kush),,VEV_5100,215,986,988,159575.0,175948.0,-2,16373.0,161.84077079107504,178.085020242915
524413 (kush),,VEV_5200,28,0,300,0.0,35477.0,-300,35477.0,0.0,118.25666666666666
524413 (kush),,VEV_5300,34,0,300,0.0,17239.0,-300,17239.0,0.0,57.46333333333333
524413 (kush),,VEV_5400,41,0,300,0.0,5946.0,-300,5946.0,0.0,19.82
524413 (kush),,VEV_5500,48,0,300,0.0,2064.0,-300,2064.0,0.0,6.88
524413 (kush),,VEV_6000,14,0,0,0.0,0.0,0,0.0,0.0,0.0
524413 (kush),,VEV_6500,14,0,0,0.0,0.0,0,0.0,0.0,0.0
530880,,HYDROGEL_PACK,62,224,224,2245338.0,2249575.0,0,4237.0,10023.830357142857,10042.745535714286
530880,,VELVETFRUIT_EXTRACT,82,600,400,3148990.0,2111163.0,200,-1037827.0,5248.316666666667,5277.9075
530880,,VEV_4000,33,0,300,0.0,385517.0,-300,385517.0,0.0,1285.0566666666666
530880,,VEV_4500,32,18,300,13511.0,235970.0,-282,222459.0,750.6111111111111,786.5666666666667
530880,,VEV_5000,154,900,600,228277.0,166968.0,300,-61309.0,253.64111111111112,278.28
530880,,VEV_5100,228,1113,988,179993.0,175948.0,125,-4045.0,161.71877807726864,178.085020242915
530880,,VEV_5200,52,300,300,25853.0,35394.0,0,9541.0,86.17666666666666,117.98
530880,,VEV_5300,63,300,300,11395.0,17190.0,0,5795.0,37.983333333333334,57.3
530880,,VEV_5400,41,0,300,0.0,5917.0,-300,5917.0,0.0,19.723333333333333
530880,,VEV_5500,44,0,300,0.0,2028.0,-300,2028.0,0.0,6.76
530880,,VEV_6000,14,0,0,0.0,0.0,0,0.0,0.0,0.0
530880,,VEV_6500,14,0,0,0.0,0.0,0,0.0,0.0,0.0
534133,,HYDROGEL_PACK,60,219,219,2195417.0,2199479.0,0,4062.0,10024.735159817352,10043.28310502283
534133,,VELVETFRUIT_EXTRACT,81,600,400,3149091.0,2111163.0,200,-1037928.0,5248.485,5277.9075
534133,,VEV_4000,33,0,300,0.0,385517.0,-300,385517.0,0.0,1285.0566666666666
534133,,VEV_4500,32,18,300,13511.0,235970.0,-282,222459.0,750.6111111111111,786.5666666666667
534133,,VEV_5000,154,900,600,228277.0,166968.0,300,-61309.0,253.64111111111112,278.28
534133,,VEV_5100,228,1113,988,179993.0,175948.0,125,-4045.0,161.71877807726864,178.085020242915
534133,,VEV_5200,50,300,300,25755.0,35394.0,0,9639.0,85.85,117.98
534133,,VEV_5300,64,300,300,11369.0,17190.0,0,5821.0,37.89666666666667,57.3
534133,,VEV_5400,41,0,300,0.0,5917.0,-300,5917.0,0.0,19.723333333333333
534133,,VEV_5500,44,0,300,0.0,2028.0,-300,2028.0,0.0,6.76
534133,,VEV_6000,14,0,0,0.0,0.0,0,0.0,0.0,0.0
534133,,VEV_6500,14,0,0,0.0,0.0,0,0.0,0.0,0.0
