horizon,mark,product,quantity,role,score,side
100,Mark 01,VEV_5400,911.0,seller_aggressive,-0.029637760702524697,buyer
100,Mark 22,VEV_5400,954.0,seller_aggressive,0.044549266247379454,seller
100,Mark 01,VEV_5500,1042.0,seller_aggressive,-0.02015355086372361,buyer
100,Mark 22,VEV_5500,1069.0,seller_aggressive,0.025724976613657625,seller
100,Mark 01,VEV_6000,1105.0,seller_aggressive,0.0,buyer
100,Mark 22,VEV_6000,1105.0,seller_aggressive,0.0,seller
100,Mark 01,VEV_6500,1105.0,seller_aggressive,0.0,buyer
100,Mark 22,VEV_6500,1105.0,seller_aggressive,0.0,seller
100,Mark 38,HYDROGEL_PACK,2065.0,buyer_aggressive,-0.12227602905569007,buyer
100,Mark 22,HYDROGEL_PACK,32.0,buyer_aggressive,-3.4375,seller
100,Mark 38,VEV_4000,415.0,buyer_aggressive,0.05421686746987952,buyer
100,Mark 14,VEV_4000,412.0,buyer_aggressive,-0.007281553398058253,seller
100,Mark 55,VELVETFRUIT_EXTRACT,3254.0,buyer_aggressive,-0.002458512599877074,buyer
100,Mark 01,VELVETFRUIT_EXTRACT,1375.0,buyer_aggressive,0.2381818181818182,seller
100,Mark 14,HYDROGEL_PACK,2033.0,buyer_aggressive,0.17830791933103787,seller
100,Mark 49,VELVETFRUIT_EXTRACT,1063.0,buyer_aggressive,-1.995766698024459,seller
100,Mark 67,VELVETFRUIT_EXTRACT,1509.0,buyer_aggressive,2.003976143141153,buyer
100,Mark 01,VELVETFRUIT_EXTRACT,1417.0,seller_aggressive,0.22159491884262528,buyer
100,Mark 55,VELVETFRUIT_EXTRACT,3297.0,seller_aggressive,0.04488929329693661,seller
100,Mark 01,VEV_5300,439.0,seller_aggressive,-0.11161731207289294,buyer
100,Mark 22,VEV_5300,534.0,seller_aggressive,0.14606741573033707,seller
100,Mark 14,VEV_4000,458.0,seller_aggressive,-0.05021834061135371,buyer
100,Mark 38,VEV_4000,461.0,seller_aggressive,0.08893709327548807,seller
100,Mark 22,VELVETFRUIT_EXTRACT,617.0,buyer_aggressive,-1.906807131280389,seller
100,Mark 14,VELVETFRUIT_EXTRACT,1761.0,seller_aggressive,-0.19193639977285634,buyer
100,Mark 14,HYDROGEL_PACK,1989.0,seller_aggressive,0.19607843137254902,buyer
100,Mark 38,HYDROGEL_PACK,2031.0,seller_aggressive,-0.13392417528311176,seller
100,Mark 22,VELVETFRUIT_EXTRACT,100.0,seller_aggressive,-1.06,buyer
100,Mark 22,VELVETFRUIT_EXTRACT,46.0,buyer_aggressive,1.934782608695652,buyer
100,Mark 14,VEV_5500,27.0,seller_aggressive,-0.24074074074074073,buyer
100,Mark 14,VELVETFRUIT_EXTRACT,1763.0,buyer_aggressive,-0.08394781622234827,seller
100,Mark 14,VEV_5300,95.0,seller_aggressive,-0.30526315789473685,buyer
100,Mark 49,VELVETFRUIT_EXTRACT,106.0,seller_aggressive,-1.5613207547169812,buyer
100,Mark 14,VEV_5400,43.0,seller_aggressive,-0.36046511627906974,buyer
100,Mark 14,VEV_5200,122.0,seller_aggressive,0.0942622950819672,buyer
100,Mark 22,VEV_5200,156.0,seller_aggressive,-0.08012820512820513,seller
100,Mark 22,VEV_4000,3.0,buyer_aggressive,-6.5,seller
100,Mark 38,VEV_4500,3.0,buyer_aggressive,4.833333333333333,buyer
100,Mark 22,VEV_4500,3.0,buyer_aggressive,-4.833333333333333,seller
100,Mark 38,VEV_5000,3.0,buyer_aggressive,1.3333333333333333,buyer
100,Mark 22,VEV_5000,3.0,buyer_aggressive,-1.3333333333333333,seller
100,Mark 38,VEV_5100,3.0,buyer_aggressive,1.0,buyer
100,Mark 22,VEV_5100,3.0,buyer_aggressive,-1.0,seller
100,Mark 38,VEV_5200,3.0,buyer_aggressive,0.3333333333333333,buyer
100,Mark 22,VEV_5200,3.0,buyer_aggressive,-0.3333333333333333,seller
100,Mark 38,VEV_5300,1.0,buyer_aggressive,1.0,buyer
100,Mark 22,VEV_5300,1.0,buyer_aggressive,-1.0,seller
100,Mark 22,VELVETFRUIT_EXTRACT,80.0,seller_aggressive,1.74375,seller
100,Mark 22,HYDROGEL_PACK,42.0,seller_aggressive,-2.8095238095238093,buyer
100,Mark 49,VELVETFRUIT_EXTRACT,9.0,buyer_aggressive,1.5,buyer
100,Mark 14,VEV_5300,10.0,inside,0.25,buyer
100,Mark 22,VEV_5300,10.0,inside,-0.25,seller
100,Mark 49,VELVETFRUIT_EXTRACT,8.0,seller_aggressive,1.0,seller
100,Mark 01,VEV_5200,34.0,seller_aggressive,0.029411764705882353,buyer
100,Mark 22,VEV_4000,3.0,seller_aggressive,-6.0,buyer
100,Mark 22,VEV_4500,3.0,seller_aggressive,-4.5,buyer
100,Mark 38,VEV_4500,3.0,seller_aggressive,4.5,seller
100,Mark 22,VEV_5000,3.0,seller_aggressive,-1.5,buyer
100,Mark 38,VEV_5000,3.0,seller_aggressive,1.5,seller
100,Mark 22,VEV_5100,3.0,seller_aggressive,-1.5,buyer
100,Mark 38,VEV_5100,3.0,seller_aggressive,1.5,seller
100,Mark 22,VEV_5200,3.0,seller_aggressive,-1.0,buyer
100,Mark 38,VEV_5200,3.0,seller_aggressive,1.0,seller
100,Mark 22,VEV_5300,3.0,seller_aggressive,-0.5,buyer
100,Mark 38,VEV_5300,3.0,seller_aggressive,0.5,seller
100,Mark 67,VELVETFRUIT_EXTRACT,1.0,seller_aggressive,0.0,buyer
100,Mark 14,VEV_5400,5.0,inside,0.0,buyer
100,Mark 22,VEV_5400,5.0,inside,0.0,seller
500,Mark 01,VEV_5400,911.0,seller_aggressive,-0.009879253567508232,buyer
500,Mark 22,VEV_5400,954.0,seller_aggressive,0.029874213836477988,seller
500,Mark 01,VEV_5500,1042.0,seller_aggressive,-0.015355086372360844,buyer
500,Mark 22,VEV_5500,1069.0,seller_aggressive,0.023386342376052385,seller
500,Mark 01,VEV_6000,1105.0,seller_aggressive,0.0,buyer
500,Mark 22,VEV_6000,1105.0,seller_aggressive,0.0,seller
500,Mark 01,VEV_6500,1105.0,seller_aggressive,0.0,buyer
500,Mark 22,VEV_6500,1105.0,seller_aggressive,0.0,seller
500,Mark 38,HYDROGEL_PACK,2065.0,buyer_aggressive,-0.1963680387409201,buyer
500,Mark 22,HYDROGEL_PACK,32.0,buyer_aggressive,-3.53125,seller
500,Mark 38,VEV_4000,415.0,buyer_aggressive,0.15903614457831325,buyer
500,Mark 14,VEV_4000,412.0,buyer_aggressive,-0.12378640776699029,seller
500,Mark 55,VELVETFRUIT_EXTRACT,3254.0,buyer_aggressive,0.19913952059004303,buyer
500,Mark 01,VELVETFRUIT_EXTRACT,1375.0,buyer_aggressive,-0.0014545454545454545,seller
500,Mark 14,HYDROGEL_PACK,2033.0,buyer_aggressive,0.25504181013280863,seller
500,Mark 49,VELVETFRUIT_EXTRACT,1063.0,buyer_aggressive,-1.8993414863593603,seller
500,Mark 67,VELVETFRUIT_EXTRACT,1509.0,buyer_aggressive,1.9565937707090788,buyer
500,Mark 01,VELVETFRUIT_EXTRACT,1417.0,seller_aggressive,0.31157374735356386,buyer
500,Mark 55,VELVETFRUIT_EXTRACT,3297.0,seller_aggressive,-0.06763724598119503,seller
500,Mark 01,VEV_5300,439.0,seller_aggressive,-0.13097949886104784,buyer
500,Mark 22,VEV_5300,534.0,seller_aggressive,0.20318352059925093,seller
500,Mark 14,VEV_4000,458.0,seller_aggressive,-0.20087336244541484,buyer
500,Mark 38,VEV_4000,461.0,seller_aggressive,0.20932754880694143,seller
500,Mark 22,VELVETFRUIT_EXTRACT,617.0,buyer_aggressive,-2.0429497568881687,seller
500,Mark 14,VELVETFRUIT_EXTRACT,1761.0,seller_aggressive,-0.013912549687677456,buyer
500,Mark 14,HYDROGEL_PACK,1989.0,seller_aggressive,0.06259426847662142,buyer
500,Mark 38,HYDROGEL_PACK,2031.0,seller_aggressive,-0.009847365829640572,seller
500,Mark 22,VELVETFRUIT_EXTRACT,100.0,seller_aggressive,-1.525,buyer
500,Mark 22,VELVETFRUIT_EXTRACT,46.0,buyer_aggressive,2.869565217391304,buyer
500,Mark 14,VEV_5500,27.0,seller_aggressive,-0.3333333333333333,buyer
500,Mark 14,VELVETFRUIT_EXTRACT,1763.0,buyer_aggressive,-0.27368122518434485,seller
500,Mark 14,VEV_5300,95.0,seller_aggressive,-0.5368421052631579,buyer
500,Mark 49,VELVETFRUIT_EXTRACT,106.0,seller_aggressive,-2.240566037735849,buyer
500,Mark 14,VEV_5400,43.0,seller_aggressive,-0.45348837209302323,buyer
500,Mark 14,VEV_5200,122.0,seller_aggressive,-0.29508196721311475,buyer
500,Mark 22,VEV_5200,156.0,seller_aggressive,0.21474358974358973,seller
500,Mark 22,VEV_4000,3.0,buyer_aggressive,-5.0,seller
500,Mark 38,VEV_4500,3.0,buyer_aggressive,3.1666666666666665,buyer
500,Mark 22,VEV_4500,3.0,buyer_aggressive,-3.1666666666666665,seller
500,Mark 38,VEV_5000,3.0,buyer_aggressive,0.8333333333333334,buyer
500,Mark 22,VEV_5000,3.0,buyer_aggressive,-0.8333333333333334,seller
500,Mark 38,VEV_5100,3.0,buyer_aggressive,0.3333333333333333,buyer
500,Mark 22,VEV_5100,3.0,buyer_aggressive,-0.3333333333333333,seller
500,Mark 38,VEV_5200,3.0,buyer_aggressive,0.3333333333333333,buyer
500,Mark 22,VEV_5200,3.0,buyer_aggressive,-0.3333333333333333,seller
500,Mark 38,VEV_5300,1.0,buyer_aggressive,0.5,buyer
500,Mark 22,VEV_5300,1.0,buyer_aggressive,-0.5,seller
500,Mark 22,VELVETFRUIT_EXTRACT,80.0,seller_aggressive,2.35625,seller
500,Mark 22,HYDROGEL_PACK,42.0,seller_aggressive,-2.488095238095238,buyer
500,Mark 49,VELVETFRUIT_EXTRACT,9.0,buyer_aggressive,3.5,buyer
500,Mark 14,VEV_5300,10.0,inside,0.25,buyer
500,Mark 22,VEV_5300,10.0,inside,-0.25,seller
500,Mark 49,VELVETFRUIT_EXTRACT,8.0,seller_aggressive,1.0,seller
500,Mark 01,VEV_5200,34.0,seller_aggressive,0.07352941176470588,buyer
500,Mark 22,VEV_4000,3.0,seller_aggressive,-1.5,buyer
500,Mark 22,VEV_4500,3.0,seller_aggressive,0.0,buyer
500,Mark 38,VEV_4500,3.0,seller_aggressive,0.0,seller
500,Mark 22,VEV_5000,3.0,seller_aggressive,2.5,buyer
500,Mark 38,VEV_5000,3.0,seller_aggressive,-2.5,seller
500,Mark 22,VEV_5100,3.0,seller_aggressive,2.5,buyer
500,Mark 38,VEV_5100,3.0,seller_aggressive,-2.5,seller
500,Mark 22,VEV_5200,3.0,seller_aggressive,2.0,buyer
500,Mark 38,VEV_5200,3.0,seller_aggressive,-2.0,seller
500,Mark 22,VEV_5300,3.0,seller_aggressive,0.5,buyer
500,Mark 38,VEV_5300,3.0,seller_aggressive,-0.5,seller
500,Mark 67,VELVETFRUIT_EXTRACT,1.0,seller_aggressive,-0.5,buyer
500,Mark 14,VEV_5400,5.0,inside,0.0,buyer
500,Mark 22,VEV_5400,5.0,inside,0.0,seller
1000,Mark 01,VEV_5400,911.0,seller_aggressive,0.004939626783754116,buyer
1000,Mark 22,VEV_5400,954.0,seller_aggressive,0.0220125786163522,seller
1000,Mark 01,VEV_5500,1042.0,seller_aggressive,-0.014395393474088292,buyer
1000,Mark 22,VEV_5500,1069.0,seller_aggressive,0.018709073900841908,seller
1000,Mark 01,VEV_6000,1105.0,seller_aggressive,0.0,buyer
1000,Mark 22,VEV_6000,1105.0,seller_aggressive,0.0,seller
1000,Mark 01,VEV_6500,1105.0,seller_aggressive,0.0,buyer
1000,Mark 22,VEV_6500,1105.0,seller_aggressive,0.0,seller
1000,Mark 38,HYDROGEL_PACK,2065.0,buyer_aggressive,0.07312348668280871,buyer
1000,Mark 22,HYDROGEL_PACK,32.0,buyer_aggressive,-3.1875,seller
1000,Mark 38,VEV_4000,415.0,buyer_aggressive,0.22409638554216868,buyer
1000,Mark 14,VEV_4000,412.0,buyer_aggressive,-0.20752427184466019,seller
1000,Mark 55,VELVETFRUIT_EXTRACT,3254.0,buyer_aggressive,0.030270436385986477,buyer
1000,Mark 01,VELVETFRUIT_EXTRACT,1375.0,buyer_aggressive,0.31527272727272726,seller
1000,Mark 14,HYDROGEL_PACK,2033.0,buyer_aggressive,-0.024102311854402363,seller
1000,Mark 49,VELVETFRUIT_EXTRACT,1063.0,buyer_aggressive,-2.226716839134525,seller
1000,Mark 67,VELVETFRUIT_EXTRACT,1509.0,buyer_aggressive,2.2057654075546718,buyer
1000,Mark 01,VELVETFRUIT_EXTRACT,1417.0,seller_aggressive,0.25299929428369794,buyer
1000,Mark 55,VELVETFRUIT_EXTRACT,3297.0,seller_aggressive,0.0781013042159539,seller
1000,Mark 01,VEV_5300,439.0,seller_aggressive,-0.14236902050113895,buyer
1000,Mark 22,VEV_5300,534.0,seller_aggressive,0.1544943820224719,seller
1000,Mark 14,VEV_4000,458.0,seller_aggressive,0.055676855895196505,buyer
1000,Mark 38,VEV_4000,461.0,seller_aggressive,-0.04880694143167028,seller
1000,Mark 22,VELVETFRUIT_EXTRACT,617.0,buyer_aggressive,-2.0964343598055106,seller
1000,Mark 14,VELVETFRUIT_EXTRACT,1761.0,seller_aggressive,-0.31743327654741627,buyer
1000,Mark 14,HYDROGEL_PACK,1989.0,seller_aggressive,0.16163901458019106,buyer
1000,Mark 38,HYDROGEL_PACK,2031.0,seller_aggressive,-0.07360905957656327,seller
1000,Mark 22,VELVETFRUIT_EXTRACT,100.0,seller_aggressive,-0.59,buyer
1000,Mark 22,VELVETFRUIT_EXTRACT,46.0,buyer_aggressive,3.5869565217391304,buyer
1000,Mark 14,VEV_5500,27.0,seller_aggressive,-0.18518518518518517,buyer
1000,Mark 14,VELVETFRUIT_EXTRACT,1763.0,buyer_aggressive,-0.23000567214974477,seller
1000,Mark 14,VEV_5300,95.0,seller_aggressive,-0.21052631578947367,buyer
1000,Mark 49,VELVETFRUIT_EXTRACT,106.0,seller_aggressive,-2.44811320754717,buyer
1000,Mark 14,VEV_5400,43.0,seller_aggressive,-0.5930232558139535,buyer
1000,Mark 14,VEV_5200,122.0,seller_aggressive,-0.1885245901639344,buyer
1000,Mark 22,VEV_5200,156.0,seller_aggressive,-0.125,seller
1000,Mark 22,VEV_4000,3.0,buyer_aggressive,-2.5,seller
1000,Mark 38,VEV_4500,3.0,buyer_aggressive,1.0,buyer
1000,Mark 22,VEV_4500,3.0,buyer_aggressive,-1.0,seller
1000,Mark 38,VEV_5000,3.0,buyer_aggressive,-1.6666666666666667,buyer
1000,Mark 22,VEV_5000,3.0,buyer_aggressive,1.6666666666666667,seller
1000,Mark 38,VEV_5100,3.0,buyer_aggressive,-1.3333333333333333,buyer
1000,Mark 22,VEV_5100,3.0,buyer_aggressive,1.3333333333333333,seller
1000,Mark 38,VEV_5200,3.0,buyer_aggressive,-1.3333333333333333,buyer
1000,Mark 22,VEV_5200,3.0,buyer_aggressive,1.3333333333333333,seller
1000,Mark 38,VEV_5300,1.0,buyer_aggressive,0.5,buyer
1000,Mark 22,VEV_5300,1.0,buyer_aggressive,-0.5,seller
1000,Mark 22,VELVETFRUIT_EXTRACT,80.0,seller_aggressive,2.86875,seller
1000,Mark 22,HYDROGEL_PACK,42.0,seller_aggressive,-4.095238095238095,buyer
1000,Mark 49,VELVETFRUIT_EXTRACT,9.0,buyer_aggressive,4.5,buyer
1000,Mark 14,VEV_5300,10.0,inside,0.25,buyer
1000,Mark 22,VEV_5300,10.0,inside,-0.25,seller
1000,Mark 49,VELVETFRUIT_EXTRACT,8.0,seller_aggressive,3.5,seller
1000,Mark 01,VEV_5200,34.0,seller_aggressive,1.25,buyer
1000,Mark 22,VEV_4000,3.0,seller_aggressive,-1.0,buyer
1000,Mark 22,VEV_4500,3.0,seller_aggressive,0.5,buyer
1000,Mark 38,VEV_4500,3.0,seller_aggressive,-0.5,seller
1000,Mark 22,VEV_5000,3.0,seller_aggressive,3.5,buyer
1000,Mark 38,VEV_5000,3.0,seller_aggressive,-3.5,seller
1000,Mark 22,VEV_5100,3.0,seller_aggressive,3.0,buyer
1000,Mark 38,VEV_5100,3.0,seller_aggressive,-3.0,seller
1000,Mark 22,VEV_5200,3.0,seller_aggressive,2.0,buyer
1000,Mark 38,VEV_5200,3.0,seller_aggressive,-2.0,seller
1000,Mark 22,VEV_5300,3.0,seller_aggressive,1.0,buyer
1000,Mark 38,VEV_5300,3.0,seller_aggressive,-1.0,seller
1000,Mark 67,VELVETFRUIT_EXTRACT,1.0,seller_aggressive,4.0,buyer
1000,Mark 14,VEV_5400,5.0,inside,0.0,buyer
1000,Mark 22,VEV_5400,5.0,inside,0.0,seller
5000,Mark 01,VEV_5400,907.0,seller_aggressive,0.15600882028665933,buyer
5000,Mark 22,VEV_5400,950.0,seller_aggressive,-0.10052631578947369,seller
5000,Mark 01,VEV_5500,1038.0,seller_aggressive,0.0313102119460501,buyer
5000,Mark 22,VEV_5500,1065.0,seller_aggressive,-0.018309859154929577,seller
5000,Mark 01,VEV_6000,1101.0,seller_aggressive,0.0,buyer
5000,Mark 22,VEV_6000,1101.0,seller_aggressive,0.0,seller
5000,Mark 01,VEV_6500,1101.0,seller_aggressive,0.0,buyer
5000,Mark 22,VEV_6500,1101.0,seller_aggressive,0.0,seller
5000,Mark 38,HYDROGEL_PACK,2065.0,buyer_aggressive,-1.0687651331719128,buyer
5000,Mark 22,HYDROGEL_PACK,32.0,buyer_aggressive,1.09375,seller
5000,Mark 38,VEV_4000,409.0,buyer_aggressive,-0.25794621026894865,buyer
5000,Mark 14,VEV_4000,406.0,buyer_aggressive,0.2832512315270936,seller
5000,Mark 55,VELVETFRUIT_EXTRACT,3242.0,buyer_aggressive,0.5897594077729796,buyer
5000,Mark 01,VELVETFRUIT_EXTRACT,1375.0,buyer_aggressive,0.22618181818181818,seller
5000,Mark 14,HYDROGEL_PACK,2033.0,buyer_aggressive,1.0683718642400393,seller
5000,Mark 49,VELVETFRUIT_EXTRACT,1063.0,buyer_aggressive,-1.9764816556914393,seller
5000,Mark 67,VELVETFRUIT_EXTRACT,1509.0,buyer_aggressive,1.9178263750828364,buyer
5000,Mark 01,VELVETFRUIT_EXTRACT,1417.0,seller_aggressive,-0.19795342272406494,buyer
5000,Mark 55,VELVETFRUIT_EXTRACT,3288.0,seller_aggressive,0.32527372262773724,seller
5000,Mark 01,VEV_5300,439.0,seller_aggressive,0.007972665148063782,buyer
5000,Mark 22,VEV_5300,534.0,seller_aggressive,-0.09176029962546817,seller
5000,Mark 14,VEV_4000,456.0,seller_aggressive,-0.44846491228070173,buyer
5000,Mark 38,VEV_4000,459.0,seller_aggressive,0.39324618736383443,seller
5000,Mark 22,VELVETFRUIT_EXTRACT,617.0,buyer_aggressive,-2.1766612641815235,seller
5000,Mark 14,VELVETFRUIT_EXTRACT,1752.0,seller_aggressive,-0.3498858447488584,buyer
5000,Mark 14,HYDROGEL_PACK,1987.0,seller_aggressive,0.2108706592853548,buyer
5000,Mark 38,HYDROGEL_PACK,2029.0,seller_aggressive,0.007885657959586003,seller
5000,Mark 22,VELVETFRUIT_EXTRACT,100.0,seller_aggressive,-1.45,buyer
5000,Mark 22,VELVETFRUIT_EXTRACT,46.0,buyer_aggressive,5.3478260869565215,buyer
5000,Mark 14,VEV_5500,27.0,seller_aggressive,-0.48148148148148145,buyer
5000,Mark 14,VELVETFRUIT_EXTRACT,1751.0,buyer_aggressive,-1.1550542547115934,seller
5000,Mark 14,VEV_5300,95.0,seller_aggressive,0.4789473684210526,buyer
5000,Mark 49,VELVETFRUIT_EXTRACT,106.0,seller_aggressive,-0.42924528301886794,buyer
5000,Mark 14,VEV_5400,43.0,seller_aggressive,-1.069767441860465,buyer
5000,Mark 14,VEV_5200,122.0,seller_aggressive,-0.0942622950819672,buyer
5000,Mark 22,VEV_5200,156.0,seller_aggressive,-0.5352564102564102,seller
5000,Mark 22,VEV_4000,3.0,buyer_aggressive,-3.1666666666666665,seller
5000,Mark 38,VEV_4500,3.0,buyer_aggressive,1.5,buyer
5000,Mark 22,VEV_4500,3.0,buyer_aggressive,-1.5,seller
5000,Mark 38,VEV_5000,3.0,buyer_aggressive,-0.6666666666666666,buyer
5000,Mark 22,VEV_5000,3.0,buyer_aggressive,0.6666666666666666,seller
5000,Mark 38,VEV_5100,3.0,buyer_aggressive,-0.6666666666666666,buyer
5000,Mark 22,VEV_5100,3.0,buyer_aggressive,0.6666666666666666,seller
5000,Mark 38,VEV_5200,3.0,buyer_aggressive,-0.8333333333333334,buyer
5000,Mark 22,VEV_5200,3.0,buyer_aggressive,0.8333333333333334,seller
5000,Mark 38,VEV_5300,1.0,buyer_aggressive,0.5,buyer
5000,Mark 22,VEV_5300,1.0,buyer_aggressive,-0.5,seller
5000,Mark 22,VELVETFRUIT_EXTRACT,80.0,seller_aggressive,0.175,seller
5000,Mark 22,HYDROGEL_PACK,42.0,seller_aggressive,-10.357142857142858,buyer
5000,Mark 49,VELVETFRUIT_EXTRACT,9.0,buyer_aggressive,11.5,buyer
5000,Mark 14,VEV_5300,10.0,inside,1.75,buyer
5000,Mark 22,VEV_5300,10.0,inside,-1.75,seller
5000,Mark 49,VELVETFRUIT_EXTRACT,8.0,seller_aggressive,-1.0,seller
5000,Mark 01,VEV_5200,34.0,seller_aggressive,2.7941176470588234,buyer
5000,Mark 22,VEV_4000,3.0,seller_aggressive,8.0,buyer
5000,Mark 22,VEV_4500,3.0,seller_aggressive,9.0,buyer
5000,Mark 38,VEV_4500,3.0,seller_aggressive,-9.0,seller
5000,Mark 22,VEV_5000,3.0,seller_aggressive,11.5,buyer
5000,Mark 38,VEV_5000,3.0,seller_aggressive,-11.5,seller
5000,Mark 22,VEV_5100,3.0,seller_aggressive,10.5,buyer
5000,Mark 38,VEV_5100,3.0,seller_aggressive,-10.5,seller
5000,Mark 22,VEV_5200,3.0,seller_aggressive,7.5,buyer
5000,Mark 38,VEV_5200,3.0,seller_aggressive,-7.5,seller
5000,Mark 22,VEV_5300,3.0,seller_aggressive,3.5,buyer
5000,Mark 38,VEV_5300,3.0,seller_aggressive,-3.5,seller
5000,Mark 67,VELVETFRUIT_EXTRACT,1.0,seller_aggressive,8.5,buyer
5000,Mark 14,VEV_5400,5.0,inside,1.5,buyer
5000,Mark 22,VEV_5400,5.0,inside,-1.5,seller
10000,Mark 01,VEV_5400,897.0,seller_aggressive,0.0758082497212932,buyer
10000,Mark 22,VEV_5400,940.0,seller_aggressive,-0.029787234042553193,seller
10000,Mark 01,VEV_5500,1033.0,seller_aggressive,-0.008228460793804453,buyer
10000,Mark 22,VEV_5500,1060.0,seller_aggressive,0.024056603773584907,seller
10000,Mark 01,VEV_6000,1091.0,seller_aggressive,0.0,buyer
10000,Mark 22,VEV_6000,1091.0,seller_aggressive,0.0,seller
10000,Mark 01,VEV_6500,1091.0,seller_aggressive,0.0,buyer
10000,Mark 22,VEV_6500,1091.0,seller_aggressive,0.0,seller
10000,Mark 38,HYDROGEL_PACK,2051.0,buyer_aggressive,-0.3127742564602633,buyer
10000,Mark 22,HYDROGEL_PACK,26.0,buyer_aggressive,8.076923076923077,seller
10000,Mark 38,VEV_4000,403.0,buyer_aggressive,-0.11042183622828784,buyer
10000,Mark 14,VEV_4000,400.0,buyer_aggressive,0.205,seller
10000,Mark 55,VELVETFRUIT_EXTRACT,3239.0,buyer_aggressive,0.7729237418956468,buyer
10000,Mark 01,VELVETFRUIT_EXTRACT,1375.0,buyer_aggressive,-0.11818181818181818,seller
10000,Mark 14,HYDROGEL_PACK,2025.0,buyer_aggressive,0.21308641975308643,seller
10000,Mark 49,VELVETFRUIT_EXTRACT,1050.0,buyer_aggressive,-1.9204761904761904,seller
10000,Mark 67,VELVETFRUIT_EXTRACT,1496.0,buyer_aggressive,1.5932486631016043,buyer
10000,Mark 01,VELVETFRUIT_EXTRACT,1417.0,seller_aggressive,-0.8098094565984474,buyer
10000,Mark 55,VELVETFRUIT_EXTRACT,3277.0,seller_aggressive,0.9688739700945987,seller
10000,Mark 01,VEV_5300,434.0,seller_aggressive,0.18202764976958524,buyer
10000,Mark 22,VEV_5300,529.0,seller_aggressive,-0.28544423440453687,seller
10000,Mark 14,VEV_4000,456.0,seller_aggressive,-0.15021929824561403,buyer
10000,Mark 38,VEV_4000,459.0,seller_aggressive,0.07080610021786492,seller
10000,Mark 22,VELVETFRUIT_EXTRACT,617.0,buyer_aggressive,-0.9294975688816856,seller
10000,Mark 14,VELVETFRUIT_EXTRACT,1741.0,seller_aggressive,-1.1708788052843193,buyer
10000,Mark 14,HYDROGEL_PACK,1983.0,seller_aggressive,0.6008572869389813,buyer
10000,Mark 38,HYDROGEL_PACK,2025.0,seller_aggressive,-0.3760493827160494,seller
10000,Mark 22,VELVETFRUIT_EXTRACT,100.0,seller_aggressive,0.615,buyer
10000,Mark 22,VELVETFRUIT_EXTRACT,46.0,buyer_aggressive,5.673913043478261,buyer
10000,Mark 14,VEV_5500,27.0,seller_aggressive,-0.6296296296296297,buyer
10000,Mark 14,VELVETFRUIT_EXTRACT,1748.0,buyer_aggressive,-1.4038901601830664,seller
10000,Mark 14,VEV_5300,95.0,seller_aggressive,0.7578947368421053,buyer
10000,Mark 49,VELVETFRUIT_EXTRACT,98.0,seller_aggressive,-4.0,buyer
10000,Mark 14,VEV_5400,43.0,seller_aggressive,-0.9302325581395349,buyer
10000,Mark 14,VEV_5200,122.0,seller_aggressive,-0.3360655737704918,buyer
10000,Mark 22,VEV_5200,156.0,seller_aggressive,-0.532051282051282,seller
10000,Mark 22,VEV_4000,3.0,buyer_aggressive,-12.5,seller
10000,Mark 38,VEV_4500,3.0,buyer_aggressive,10.5,buyer
10000,Mark 22,VEV_4500,3.0,buyer_aggressive,-10.5,seller
10000,Mark 38,VEV_5000,3.0,buyer_aggressive,8.0,buyer
10000,Mark 22,VEV_5000,3.0,buyer_aggressive,-8.0,seller
10000,Mark 38,VEV_5100,3.0,buyer_aggressive,6.666666666666667,buyer
10000,Mark 22,VEV_5100,3.0,buyer_aggressive,-6.666666666666667,seller
10000,Mark 38,VEV_5200,3.0,buyer_aggressive,4.666666666666667,buyer
10000,Mark 22,VEV_5200,3.0,buyer_aggressive,-4.666666666666667,seller
10000,Mark 38,VEV_5300,1.0,buyer_aggressive,8.0,buyer
10000,Mark 22,VEV_5300,1.0,buyer_aggressive,-8.0,seller
10000,Mark 22,VELVETFRUIT_EXTRACT,72.0,seller_aggressive,4.034722222222222,seller
10000,Mark 22,HYDROGEL_PACK,42.0,seller_aggressive,-10.238095238095237,buyer
10000,Mark 49,VELVETFRUIT_EXTRACT,9.0,buyer_aggressive,6.5,buyer
10000,Mark 14,VEV_5300,10.0,inside,-0.25,buyer
10000,Mark 22,VEV_5300,10.0,inside,0.25,seller
10000,Mark 49,VELVETFRUIT_EXTRACT,8.0,seller_aggressive,4.0,seller
10000,Mark 01,VEV_5200,34.0,seller_aggressive,3.6470588235294117,buyer
10000,Mark 22,VEV_4000,3.0,seller_aggressive,12.0,buyer
10000,Mark 22,VEV_4500,3.0,seller_aggressive,13.0,buyer
10000,Mark 38,VEV_4500,3.0,seller_aggressive,-13.0,seller
10000,Mark 22,VEV_5000,3.0,seller_aggressive,15.5,buyer
10000,Mark 38,VEV_5000,3.0,seller_aggressive,-15.5,seller
10000,Mark 22,VEV_5100,3.0,seller_aggressive,13.5,buyer
10000,Mark 38,VEV_5100,3.0,seller_aggressive,-13.5,seller
10000,Mark 22,VEV_5200,3.0,seller_aggressive,10.0,buyer
10000,Mark 38,VEV_5200,3.0,seller_aggressive,-10.0,seller
10000,Mark 22,VEV_5300,3.0,seller_aggressive,5.5,buyer
10000,Mark 38,VEV_5300,3.0,seller_aggressive,-5.5,seller
10000,Mark 67,VELVETFRUIT_EXTRACT,1.0,seller_aggressive,19.0,buyer
10000,Mark 14,VEV_5400,5.0,inside,0.5,buyer
10000,Mark 22,VEV_5400,5.0,inside,-0.5,seller
25000,Mark 01,VEV_5400,885.0,seller_aggressive,0.16327683615819208,buyer
25000,Mark 22,VEV_5400,928.0,seller_aggressive,-0.10398706896551724,seller
25000,Mark 01,VEV_5500,1015.0,seller_aggressive,-0.013300492610837438,buyer
25000,Mark 22,VEV_5500,1042.0,seller_aggressive,0.04366602687140115,seller
25000,Mark 01,VEV_6000,1073.0,seller_aggressive,0.0,buyer
25000,Mark 22,VEV_6000,1073.0,seller_aggressive,0.0,seller
25000,Mark 01,VEV_6500,1073.0,seller_aggressive,0.0,buyer
25000,Mark 22,VEV_6500,1073.0,seller_aggressive,0.0,seller
25000,Mark 38,HYDROGEL_PACK,2013.0,buyer_aggressive,1.2235469448584202,buyer
25000,Mark 22,HYDROGEL_PACK,26.0,buyer_aggressive,-4.9423076923076925,seller
25000,Mark 38,VEV_4000,400.0,buyer_aggressive,-0.15125,buyer
25000,Mark 14,VEV_4000,397.0,buyer_aggressive,0.28967254408060455,seller
25000,Mark 55,VELVETFRUIT_EXTRACT,3199.0,buyer_aggressive,0.8469834323226008,buyer
25000,Mark 01,VELVETFRUIT_EXTRACT,1361.0,buyer_aggressive,0.600661278471712,seller
25000,Mark 14,HYDROGEL_PACK,1987.0,buyer_aggressive,-1.1748867639657776,seller
25000,Mark 49,VELVETFRUIT_EXTRACT,1021.0,buyer_aggressive,-0.5661116552399609,seller
25000,Mark 67,VELVETFRUIT_EXTRACT,1448.0,buyer_aggressive,0.3511740331491713,buyer
25000,Mark 01,VELVETFRUIT_EXTRACT,1393.0,seller_aggressive,-0.5832735104091888,buyer
25000,Mark 55,VELVETFRUIT_EXTRACT,3239.0,seller_aggressive,0.8545847483791293,seller
25000,Mark 01,VEV_5300,423.0,seller_aggressive,0.2789598108747045,buyer
25000,Mark 22,VEV_5300,511.0,seller_aggressive,-0.29060665362035226,seller
25000,Mark 14,VEV_4000,451.0,seller_aggressive,-0.5687361419068736,buyer
25000,Mark 38,VEV_4000,454.0,seller_aggressive,0.4526431718061674,seller
25000,Mark 22,VELVETFRUIT_EXTRACT,593.0,buyer_aggressive,0.49494097807757165,seller
25000,Mark 14,VELVETFRUIT_EXTRACT,1727.0,seller_aggressive,-1.1007527504342791,buyer
25000,Mark 14,HYDROGEL_PACK,1936.0,seller_aggressive,0.8215392561983471,buyer
25000,Mark 38,HYDROGEL_PACK,1978.0,seller_aggressive,-0.5106167846309403,seller
25000,Mark 22,VELVETFRUIT_EXTRACT,100.0,seller_aggressive,1.395,buyer
25000,Mark 22,VELVETFRUIT_EXTRACT,46.0,buyer_aggressive,1.065217391304348,buyer
25000,Mark 14,VEV_5500,27.0,seller_aggressive,-1.1851851851851851,buyer
25000,Mark 14,VELVETFRUIT_EXTRACT,1727.0,buyer_aggressive,-2.129994209612044,seller
25000,Mark 14,VEV_5300,88.0,seller_aggressive,0.3465909090909091,buyer
25000,Mark 49,VELVETFRUIT_EXTRACT,98.0,seller_aggressive,-7.418367346938775,buyer
25000,Mark 14,VEV_5400,43.0,seller_aggressive,-1.1162790697674418,buyer
25000,Mark 14,VEV_5200,117.0,seller_aggressive,1.4700854700854702,buyer
25000,Mark 22,VEV_5200,151.0,seller_aggressive,-2.1357615894039736,seller
25000,Mark 22,VEV_4000,3.0,buyer_aggressive,-18.166666666666668,seller
25000,Mark 38,VEV_4500,3.0,buyer_aggressive,16.166666666666668,buyer
25000,Mark 22,VEV_4500,3.0,buyer_aggressive,-16.166666666666668,seller
25000,Mark 38,VEV_5000,3.0,buyer_aggressive,13.5,buyer
25000,Mark 22,VEV_5000,3.0,buyer_aggressive,-13.5,seller
25000,Mark 38,VEV_5100,3.0,buyer_aggressive,11.333333333333334,buyer
25000,Mark 22,VEV_5100,3.0,buyer_aggressive,-11.333333333333334,seller
25000,Mark 38,VEV_5200,3.0,buyer_aggressive,8.0,buyer
25000,Mark 22,VEV_5200,3.0,buyer_aggressive,-8.0,seller
25000,Mark 38,VEV_5300,1.0,buyer_aggressive,9.5,buyer
25000,Mark 22,VEV_5300,1.0,buyer_aggressive,-9.5,seller
25000,Mark 22,VELVETFRUIT_EXTRACT,72.0,seller_aggressive,6.972222222222222,seller
25000,Mark 22,HYDROGEL_PACK,42.0,seller_aggressive,-13.821428571428571,buyer
25000,Mark 49,VELVETFRUIT_EXTRACT,9.0,buyer_aggressive,-13.5,buyer
25000,Mark 14,VEV_5300,10.0,inside,-4.0,buyer
25000,Mark 22,VEV_5300,10.0,inside,4.0,seller
25000,Mark 49,VELVETFRUIT_EXTRACT,8.0,seller_aggressive,2.0,seller
25000,Mark 01,VEV_5200,34.0,seller_aggressive,4.426470588235294,buyer
25000,Mark 22,VEV_4000,3.0,seller_aggressive,17.0,buyer
25000,Mark 22,VEV_4500,3.0,seller_aggressive,19.0,buyer
25000,Mark 38,VEV_4500,3.0,seller_aggressive,-19.0,seller
25000,Mark 22,VEV_5000,3.0,seller_aggressive,20.5,buyer
25000,Mark 38,VEV_5000,3.0,seller_aggressive,-20.5,seller
25000,Mark 22,VEV_5100,3.0,seller_aggressive,18.5,buyer
25000,Mark 38,VEV_5100,3.0,seller_aggressive,-18.5,seller
25000,Mark 22,VEV_5200,3.0,seller_aggressive,13.5,buyer
25000,Mark 38,VEV_5200,3.0,seller_aggressive,-13.5,seller
25000,Mark 22,VEV_5300,3.0,seller_aggressive,7.5,buyer
25000,Mark 38,VEV_5300,3.0,seller_aggressive,-7.5,seller
25000,Mark 67,VELVETFRUIT_EXTRACT,1.0,seller_aggressive,15.0,buyer
25000,Mark 14,VEV_5400,5.0,inside,-0.5,buyer
25000,Mark 22,VEV_5400,5.0,inside,0.5,seller
50000,Mark 01,VEV_5400,880.0,seller_aggressive,-0.005681818181818182,buyer
50000,Mark 22,VEV_5400,923.0,seller_aggressive,0.05796316359696641,seller
50000,Mark 01,VEV_5500,1008.0,seller_aggressive,-0.09226190476190477,buyer
50000,Mark 22,VEV_5500,1035.0,seller_aggressive,0.12560386473429952,seller
50000,Mark 01,VEV_6000,1066.0,seller_aggressive,0.0,buyer
50000,Mark 22,VEV_6000,1066.0,seller_aggressive,0.0,seller
50000,Mark 01,VEV_6500,1066.0,seller_aggressive,0.0,buyer
50000,Mark 22,VEV_6500,1066.0,seller_aggressive,0.0,seller
50000,Mark 38,HYDROGEL_PACK,1956.0,buyer_aggressive,1.6986196319018405,buyer
50000,Mark 22,HYDROGEL_PACK,26.0,buyer_aggressive,-12.076923076923077,seller
50000,Mark 38,VEV_4000,392.0,buyer_aggressive,-0.17857142857142858,buyer
50000,Mark 14,VEV_4000,389.0,buyer_aggressive,0.2275064267352185,seller
50000,Mark 55,VELVETFRUIT_EXTRACT,3120.0,buyer_aggressive,0.8241987179487179,buyer
50000,Mark 01,VELVETFRUIT_EXTRACT,1324.0,buyer_aggressive,-0.5392749244712991,seller
50000,Mark 14,HYDROGEL_PACK,1930.0,buyer_aggressive,-1.5588082901554403,seller
50000,Mark 49,VELVETFRUIT_EXTRACT,1002.0,buyer_aggressive,-0.7984031936127745,seller
50000,Mark 67,VELVETFRUIT_EXTRACT,1408.0,buyer_aggressive,0.9879261363636364,buyer
50000,Mark 01,VELVETFRUIT_EXTRACT,1327.0,seller_aggressive,-0.6714393368500376,buyer
50000,Mark 55,VELVETFRUIT_EXTRACT,3144.0,seller_aggressive,0.051685750636132316,seller
50000,Mark 01,VEV_5300,423.0,seller_aggressive,-0.04728132387706856,buyer
50000,Mark 22,VEV_5300,509.0,seller_aggressive,-0.03143418467583497,seller
50000,Mark 14,VEV_4000,440.0,seller_aggressive,-1.8886363636363637,buyer
50000,Mark 38,VEV_4000,443.0,seller_aggressive,1.8961625282167043,seller
50000,Mark 22,VELVETFRUIT_EXTRACT,565.0,buyer_aggressive,-1.4008849557522123,seller
50000,Mark 14,VELVETFRUIT_EXTRACT,1698.0,seller_aggressive,0.1598939929328622,buyer
50000,Mark 14,HYDROGEL_PACK,1867.0,seller_aggressive,0.9341189073379753,buyer
50000,Mark 38,HYDROGEL_PACK,1909.0,seller_aggressive,-0.675746464117339,seller
50000,Mark 22,VELVETFRUIT_EXTRACT,100.0,seller_aggressive,3.795,buyer
50000,Mark 22,VELVETFRUIT_EXTRACT,46.0,buyer_aggressive,1.0869565217391304,buyer
50000,Mark 14,VEV_5500,27.0,seller_aggressive,-1.3703703703703705,buyer
50000,Mark 14,VELVETFRUIT_EXTRACT,1692.0,buyer_aggressive,-0.9104609929078015,seller
50000,Mark 14,VEV_5300,86.0,seller_aggressive,0.4186046511627907,buyer
50000,Mark 49,VELVETFRUIT_EXTRACT,90.0,seller_aggressive,-3.988888888888889,buyer
50000,Mark 14,VEV_5400,43.0,seller_aggressive,-1.127906976744186,buyer
50000,Mark 14,VEV_5200,117.0,seller_aggressive,0.8760683760683761,buyer
50000,Mark 22,VEV_5200,151.0,seller_aggressive,-2.347682119205298,seller
50000,Mark 22,VEV_4000,3.0,buyer_aggressive,-6.166666666666667,seller
50000,Mark 38,VEV_4500,3.0,buyer_aggressive,4.333333333333333,buyer
50000,Mark 22,VEV_4500,3.0,buyer_aggressive,-4.333333333333333,seller
50000,Mark 38,VEV_5000,3.0,buyer_aggressive,2.0,buyer
50000,Mark 22,VEV_5000,3.0,buyer_aggressive,-2.0,seller
50000,Mark 38,VEV_5100,3.0,buyer_aggressive,1.0,buyer
50000,Mark 22,VEV_5100,3.0,buyer_aggressive,-1.0,seller
50000,Mark 38,VEV_5200,3.0,buyer_aggressive,0.6666666666666666,buyer
50000,Mark 22,VEV_5200,3.0,buyer_aggressive,-0.6666666666666666,seller
50000,Mark 38,VEV_5300,1.0,buyer_aggressive,2.5,buyer
50000,Mark 22,VEV_5300,1.0,buyer_aggressive,-2.5,seller
50000,Mark 22,VELVETFRUIT_EXTRACT,64.0,seller_aggressive,7.625,seller
50000,Mark 22,HYDROGEL_PACK,42.0,seller_aggressive,-10.80952380952381,buyer
50000,Mark 49,VELVETFRUIT_EXTRACT,9.0,buyer_aggressive,-18.5,buyer
50000,Mark 14,VEV_5300,10.0,inside,-5.5,buyer
50000,Mark 22,VEV_5300,10.0,inside,5.5,seller
50000,Mark 49,VELVETFRUIT_EXTRACT,8.0,seller_aggressive,-10.0,seller
50000,Mark 01,VEV_5200,34.0,seller_aggressive,7.411764705882353,buyer
50000,Mark 22,VEV_4000,3.0,seller_aggressive,-3.0,buyer
50000,Mark 22,VEV_4500,3.0,seller_aggressive,-1.5,buyer
50000,Mark 38,VEV_4500,3.0,seller_aggressive,1.5,seller
50000,Mark 22,VEV_5000,3.0,seller_aggressive,1.0,buyer
50000,Mark 38,VEV_5000,3.0,seller_aggressive,-1.0,seller
50000,Mark 22,VEV_5100,3.0,seller_aggressive,1.5,buyer
50000,Mark 38,VEV_5100,3.0,seller_aggressive,-1.5,seller
50000,Mark 22,VEV_5200,3.0,seller_aggressive,1.0,buyer
50000,Mark 38,VEV_5200,3.0,seller_aggressive,-1.0,seller
50000,Mark 22,VEV_5300,3.0,seller_aggressive,0.0,buyer
50000,Mark 38,VEV_5300,3.0,seller_aggressive,0.0,seller
50000,Mark 67,VELVETFRUIT_EXTRACT,1.0,seller_aggressive,28.5,buyer
50000,Mark 14,VEV_5400,5.0,inside,-3.5,buyer
50000,Mark 22,VEV_5400,5.0,inside,3.5,seller
